{
    "tag" : "Example input file using a flying wing",
    "run" : {
        "display_wireframe" : {
            "show_legend" : true
        },
        "solve_forces" : {
            "non_dimensional" : false
        },
        "pitch_trim" : {
            "set_state_to_trim" : true
        },
        "derivatives" : {}
    },
    "solver" : {
        "type" : "linear"
    },
    "units" : "English",
    "scene" : {
        "atmosphere" : {},
        "aircraft" : {
            "flying_wing" : {
                "file" : "flying_wing_c.json",
                "state" : {
                    "velocity" : 100,
                    "alpha" : 0.0,
                    "beta" : 0.0
                },
                "control_state" : {
                    "elevator" : 0.0,
                    "aileron" : 0.0
                }
            }
        }
    }
}

